"question_id","domain","objective_id","concept","review_basis"
"netplus-1","Networking Concepts","1.1","osi-model","stem-answer strict match"
"netplus-2","Networking Concepts","1.1","osi-model","stem-answer strict match"
"netplus-3","Networking Concepts","1.1","osi-model","stem-answer strict match"
"netplus-4","Networking Concepts","1.1","osi-model","stem-answer strict match"
"netplus-5","Networking Concepts","1.7","ipv4-subnetting","stem-answer strict match"
"netplus-6","Networking Concepts","1.1","editorial-reviewed","retained after no conflicting strict match"
"netplus-7","Networking Concepts","1.7","ipv4-subnetting","stem-answer strict match"
"netplus-8","Networking Concepts","1.4","protocols-ports","stem-answer strict match"
"netplus-9","Networking Concepts","1.8","evolving-networks","stem-answer strict match"
"netplus-10","Network Operations","3.4","network-services","stem-answer strict match"
"netplus-11","Networking Concepts","1.7","ipv4-subnetting","stem-answer strict match"
"netplus-12","Networking Concepts","1.8","evolving-networks","stem-answer strict match"
"netplus-13","Networking Concepts","1.7","ipv4-subnetting","stem-answer strict match"
"netplus-14","Network Implementation","2.2","switching","stem-answer strict match"
"netplus-15","Network Implementation","2.2","switching","stem-answer strict match"
"netplus-16","Network Implementation","2.3","wireless-implementation","stem-answer strict match"
"netplus-17","Network Implementation","2.1","editorial-reviewed","retained after no conflicting strict match"
"netplus-18","Network Implementation","2.3","editorial-reviewed","retained after no conflicting strict match"
"netplus-19","Networking Concepts","1.4","protocols-ports","stem-answer strict match"
"netplus-20","Network Troubleshooting","5.4","performance","stem-answer strict match"
"netplus-21","Network Troubleshooting","5.1","editorial-reviewed","retained after no conflicting strict match"
"netplus-22","Network Operations","3.4","network-services","stem-answer strict match"
"netplus-23","Network Operations","3.2","monitoring","stem-answer strict match"
"netplus-24","Network Security","4.3","editorial-reviewed","retained after no conflicting strict match"
"netplus-25","Network Security","4.1","editorial-reviewed","retained after no conflicting strict match"
"netplus-26","Network Security","4.4","remote-access-security","stem-answer strict match"
"netplus-27","Network Security","4.3","defensive-features","stem-answer strict match"
"netplus-28","Network Security","4.4","remote-access-security","stem-answer strict match"
"netplus-29","Network Troubleshooting","5.5","tools-protocols","stem-answer strict match"
"netplus-30","Network Troubleshooting","5.5","tools-protocols","stem-answer strict match"
"netplus-31","Network Implementation","2.4","editorial-reviewed","retained after no conflicting strict match"
"netplus-32","Network Implementation","2.4","editorial-reviewed","retained after no conflicting strict match"
"netplus-33","Networking Concepts","1.6","topologies-types","stem-answer strict match"
"netplus-34","Network Implementation","2.2","editorial-reviewed","retained after no conflicting strict match"
"netplus-35","Network Operations","3.1","editorial-reviewed","retained after no conflicting strict match"
"netplus-36","Networking Concepts","1.7","ipv4-subnetting","stem-answer strict match"
"netplus-37","Networking Concepts","1.1","osi-model","stem-answer strict match"
"netplus-38","Networking Concepts","1.1","osi-model","stem-answer strict match"
"netplus-39","Networking Concepts","1.4","protocols-ports","stem-answer strict match"
"netplus-40","Networking Concepts","1.2","network-functions","stem-answer strict match"
"netplus-41","Networking Concepts","1.4","protocols-ports","stem-answer strict match"
"netplus-42","Network Troubleshooting","5.3","service-failures","stem-answer strict match"
"netplus-43","Networking Concepts","1.7","ipv4-subnetting","stem-answer strict match"
"netplus-44","Networking Concepts","1.1","osi-model","stem-answer strict match"
"netplus-45","Network Implementation","2.2","editorial-reviewed","retained after no conflicting strict match"
"netplus-46","Networking Concepts","1.1","osi-model","stem-answer strict match"
"netplus-47","Network Operations","3.4","network-services","stem-answer strict match"
"netplus-48","Networking Concepts","1.1","osi-model","stem-answer strict match"
"netplus-49","Networking Concepts","1.7","editorial-reviewed","retained after no conflicting strict match"
"netplus-50","Network Security","4.3","editorial-reviewed","retained after no conflicting strict match"
"netplus-51","Networking Concepts","1.7","ipv4-subnetting","stem-answer strict match"
"netplus-52","Networking Concepts","1.7","ipv4-subnetting","stem-answer strict match"
"netplus-53","Networking Concepts","1.7","ipv4-subnetting","stem-answer strict match"
"netplus-54","Networking Concepts","1.4","editorial-reviewed","retained after no conflicting strict match"
"netplus-55","Networking Concepts","1.2","editorial-reviewed","retained after no conflicting strict match"
"netplus-56","Networking Concepts","1.2","network-functions","stem-answer strict match"
"netplus-57","Networking Concepts","1.1","editorial-reviewed","retained after no conflicting strict match"
"netplus-58","Network Implementation","2.2","switching","stem-answer strict match"
"netplus-59","Network Implementation","2.2","switching","stem-answer strict match"
"netplus-60","Network Implementation","2.3","editorial-reviewed","retained after no conflicting strict match"
"netplus-61","Network Implementation","2.3","wireless-implementation","stem-answer strict match"
"netplus-62","Network Implementation","2.2","editorial-reviewed","retained after no conflicting strict match"
"netplus-63","Network Implementation","2.4","editorial-reviewed","retained after no conflicting strict match"
"netplus-64","Network Implementation","2.3","wireless-implementation","stem-answer strict match"
"netplus-65","Network Implementation","2.3","wireless-implementation","stem-answer strict match"
"netplus-66","Network Operations","3.2","monitoring","stem-answer strict match"
"netplus-67","Network Operations","3.2","monitoring","stem-answer strict match"
"netplus-68","Network Operations","3.2","monitoring","stem-answer strict match"
"netplus-69","Network Operations","3.2","monitoring","stem-answer strict match"
"netplus-70","Network Operations","3.1","process-documentation","stem-answer strict match"
"netplus-71","Network Operations","3.2","editorial-reviewed","retained after no conflicting strict match"
"netplus-72","Network Operations","3.2","monitoring","stem-answer strict match"
"netplus-73","Network Operations","3.4","editorial-reviewed","retained after no conflicting strict match"
"netplus-74","Network Security","4.4","remote-access-security","stem-answer strict match"
"netplus-75","Network Security","4.3","defensive-features","stem-answer strict match"
"netplus-76","Network Security","4.4","remote-access-security","stem-answer strict match"
"netplus-77","Network Security","4.2","network-attacks","stem-answer strict match"
"netplus-78","Network Security","4.2","network-attacks","stem-answer strict match"
"netplus-79","Network Security","4.3","defensive-features","stem-answer strict match"
"netplus-80","Network Security","4.2","network-attacks","stem-answer strict match"
"netplus-81","Network Troubleshooting","5.3","service-failures","stem-answer strict match"
"netplus-82","Network Troubleshooting","5.3","editorial-reviewed","retained after no conflicting strict match"
"netplus-83","Network Troubleshooting","5.3","service-failures","stem-answer strict match"
"netplus-84","Network Troubleshooting","5.2","cabling-interfaces","stem-answer strict match"
"netplus-85","Network Troubleshooting","5.2","cabling-interfaces","stem-answer strict match"
"netplus-86","Network Troubleshooting","5.1","methodology","stem-answer strict match"
"netplus-87","Network Troubleshooting","5.3","service-failures","stem-answer strict match"
"netplus-88","Network Troubleshooting","5.5","tools-protocols","stem-answer strict match"
"netplus-89","Networking Concepts","1.4","protocols-ports","stem-answer strict match"
"netplus-90","Network Implementation","2.3","editorial-reviewed","retained after no conflicting strict match"
"netplus-91","Network Troubleshooting","5.2","cabling-interfaces","stem-answer strict match"
"netplus-92","Network Security","4.2","editorial-reviewed","retained after no conflicting strict match"
"netplus-93","Network Implementation","2.2","editorial-reviewed","retained after no conflicting strict match"
"netplus-94","Networking Concepts","1.4","editorial-reviewed","retained after no conflicting strict match"
"netplus-95","Network Operations","3.2","editorial-reviewed","retained after no conflicting strict match"
"netplus-96","Network Troubleshooting","5.1","methodology","stem-answer strict match"
"netplus-97","Networking Concepts","1.7","ipv4-subnetting","stem-answer strict match"
"netplus-98","Network Implementation","2.3","wireless-implementation","stem-answer strict match"
"netplus-99","Network Security","4.3","defensive-features","stem-answer strict match"
"netplus-100","Network Operations","3.3","availability-recovery","stem-answer strict match"
"netplus-101","Networking Concepts","1.7","editorial-reviewed","retained after no conflicting strict match"
"netplus-102","Networking Concepts","1.4","protocols-ports","stem-answer strict match"
"netplus-103","Networking Concepts","1.4","protocols-ports","stem-answer strict match"
"netplus-104","Networking Concepts","1.2","editorial-reviewed","retained after no conflicting strict match"
"netplus-105","Networking Concepts","1.1","osi-model","stem-answer strict match"
"netplus-106","Networking Concepts","1.1","editorial-reviewed","retained after no conflicting strict match"
"netplus-107","Networking Concepts","1.8","evolving-networks","stem-answer strict match"
"netplus-108","Networking Concepts","1.4","protocols-ports","stem-answer strict match"
"netplus-109","Networking Concepts","1.5","media-transceivers","stem-answer strict match"
"netplus-110","Networking Concepts","1.8","evolving-networks","stem-answer strict match"
"netplus-111","Networking Concepts","1.2","network-functions","stem-answer strict match"
"netplus-112","Network Implementation","2.2","switching","stem-answer strict match"
"netplus-113","Network Implementation","2.3","wireless-implementation","stem-answer strict match"
"netplus-114","Network Implementation","2.3","wireless-implementation","stem-answer strict match"
"netplus-115","Network Implementation","2.4","editorial-reviewed","retained after no conflicting strict match"
"netplus-116","Network Implementation","2.1","routing-qos","stem-answer strict match"
"netplus-117","Network Implementation","2.3","wireless-implementation","stem-answer strict match"
"netplus-118","Network Implementation","2.2","editorial-reviewed","retained after no conflicting strict match"
"netplus-119","Network Implementation","2.4","editorial-reviewed","retained after no conflicting strict match"
"netplus-120","Network Operations","3.2","editorial-reviewed","retained after no conflicting strict match"
"netplus-121","Network Operations","3.2","editorial-reviewed","retained after no conflicting strict match"
"netplus-122","Network Operations","3.3","availability-recovery","stem-answer strict match"
"netplus-123","Network Operations","3.1","process-documentation","stem-answer strict match"
"netplus-124","Network Operations","3.4","network-services","stem-answer strict match"
"netplus-125","Network Operations","3.4","network-services","stem-answer strict match"
"netplus-126","Network Security","4.2","editorial-reviewed","retained after no conflicting strict match"
"netplus-127","Network Security","4.2","network-attacks","stem-answer strict match"
"netplus-128","Network Security","4.2","network-attacks","stem-answer strict match"
"netplus-129","Network Security","4.4","remote-access-security","stem-answer strict match"
"netplus-130","Network Security","4.5","physical-security","stem-answer strict match"
"netplus-131","Network Troubleshooting","5.2","cabling-interfaces","stem-answer strict match"
"netplus-132","Network Troubleshooting","5.4","performance","stem-answer strict match"
"netplus-133","Network Troubleshooting","5.2","cabling-interfaces","stem-answer strict match"
"netplus-134","Network Troubleshooting","5.4","performance","stem-answer strict match"
"netplus-135","Network Troubleshooting","5.2","cabling-interfaces","stem-answer strict match"
"netplus-136","Network Troubleshooting","5.4","performance","stem-answer strict match"
"netplus-137","Network Troubleshooting","5.2","cabling-interfaces","stem-answer strict match"
"netplus-138","Networking Concepts","1.4","protocols-ports","stem-answer strict match"
"netplus-139","Networking Concepts","1.1","osi-model","stem-answer strict match"
"netplus-140","Network Operations","3.1","process-documentation","stem-answer strict match"
"netplus-141","Networking Concepts","1.7","editorial-reviewed","retained after no conflicting strict match"
"netplus-142","Network Security","4.2","network-attacks","stem-answer strict match"
"netplus-143","Network Troubleshooting","5.2","editorial-reviewed","retained after no conflicting strict match"
"netplus-144","Network Implementation","2.1","editorial-reviewed","retained after no conflicting strict match"
"netplus-145","Network Security","4.2","network-attacks","stem-answer strict match"
"netplus-146","Network Operations","3.1","process-documentation","stem-answer strict match"
"netplus-147","Networking Concepts","1.4","protocols-ports","stem-answer strict match"
"netplus-148","Network Implementation","2.1","editorial-reviewed","retained after no conflicting strict match"
"netplus-149","Networking Concepts","1.1","editorial-reviewed","retained after no conflicting strict match"
"netplus-150","Network Troubleshooting","5.2","editorial-reviewed","retained after no conflicting strict match"
"netplus-151","Networking Concepts","1.1","editorial-reviewed","retained after no conflicting strict match"
"netplus-152","Networking Concepts","1.7","ipv4-subnetting","stem-answer strict match"
"netplus-153","Networking Concepts","1.4","protocols-ports","stem-answer strict match"
"netplus-154","Networking Concepts","1.8","evolving-networks","stem-answer strict match"
"netplus-155","Networking Concepts","1.6","topologies-types","stem-answer strict match"
"netplus-156","Networking Concepts","1.4","protocols-ports","stem-answer strict match"
"netplus-157","Networking Concepts","1.4","protocols-ports","stem-answer strict match"
"netplus-158","Networking Concepts","1.7","ipv4-subnetting","stem-answer strict match"
"netplus-159","Networking Concepts","1.2","editorial-reviewed","retained after no conflicting strict match"
"netplus-160","Networking Concepts","1.4","protocols-ports","stem-answer strict match"
"netplus-161","Network Implementation","2.2","switching","stem-answer strict match"
"netplus-162","Network Implementation","2.2","editorial-reviewed","retained after no conflicting strict match"
"netplus-163","Network Implementation","2.3","wireless-implementation","stem-answer strict match"
"netplus-164","Network Implementation","2.3","wireless-implementation","stem-answer strict match"
"netplus-165","Network Implementation","2.4","editorial-reviewed","retained after no conflicting strict match"
"netplus-166","Network Operations","3.2","monitoring","stem-answer strict match"
"netplus-167","Network Operations","3.1","process-documentation","stem-answer strict match"
"netplus-168","Network Operations","3.4","editorial-reviewed","retained after no conflicting strict match"
"netplus-169","Network Operations","3.5","access-management","stem-answer strict match"
"netplus-170","Network Operations","3.1","process-documentation","stem-answer strict match"
"netplus-171","Network Security","4.5","editorial-reviewed","retained after no conflicting strict match"
"netplus-172","Network Security","4.4","editorial-reviewed","retained after no conflicting strict match"
"netplus-173","Network Security","4.3","editorial-reviewed","retained after no conflicting strict match"
"netplus-174","Network Security","4.3","defensive-features","stem-answer strict match"
"netplus-175","Network Security","4.4","editorial-reviewed","retained after no conflicting strict match"
"netplus-176","Network Troubleshooting","5.5","tools-protocols","stem-answer strict match"
"netplus-177","Network Troubleshooting","5.4","performance","stem-answer strict match"
"netplus-178","Network Troubleshooting","5.4","performance","stem-answer strict match"
"netplus-179","Network Troubleshooting","5.5","tools-protocols","stem-answer strict match"
"netplus-180","Network Troubleshooting","5.4","performance","stem-answer strict match"
"netplus-181","Networking Concepts","1.1","osi-model","stem-answer strict match"
"netplus-182","Networking Concepts","1.7","ipv4-subnetting","stem-answer strict match"
"netplus-183","Networking Concepts","1.2","network-functions","stem-answer strict match"
"netplus-184","Network Implementation","2.3","wireless-implementation","stem-answer strict match"
"netplus-185","Network Implementation","2.4","editorial-reviewed","retained after no conflicting strict match"
"netplus-186","Network Operations","3.1","process-documentation","stem-answer strict match"
"netplus-187","Network Operations","3.1","process-documentation","stem-answer strict match"
"netplus-188","Network Operations","3.3","availability-recovery","stem-answer strict match"
"netplus-189","Network Troubleshooting","5.3","service-failures","stem-answer strict match"
"netplus-190","Network Troubleshooting","5.5","tools-protocols","stem-answer strict match"
"netplus-191","Network Implementation","2.3","editorial-reviewed","retained after no conflicting strict match"
"netplus-192","Networking Concepts","1.4","protocols-ports","stem-answer strict match"
"netplus-193","Network Security","4.2","editorial-reviewed","retained after no conflicting strict match"
"netplus-194","Networking Concepts","1.4","protocols-ports","stem-answer strict match"
"netplus-195","Network Troubleshooting","5.3","editorial-reviewed","retained after no conflicting strict match"
"netplus-196","Network Operations","3.2","editorial-reviewed","retained after no conflicting strict match"
"netplus-197","Network Security","4.1","editorial-reviewed","retained after no conflicting strict match"
"netplus-198","Networking Concepts","1.1","osi-model","stem-answer strict match"
"netplus-199","Network Implementation","2.2","switching","stem-answer strict match"
"netplus-200","Network Security","4.4","remote-access-security","stem-answer strict match"
"netplus-201","Networking Concepts","1.1","osi-model","stem-answer strict match"
"netplus-202","Networking Concepts","1.6","topologies-types","stem-answer strict match"
"netplus-203","Networking Concepts","1.1","osi-model","stem-answer strict match"
"netplus-204","Networking Concepts","1.2","network-functions","stem-answer strict match"
"netplus-205","Networking Concepts","1.4","protocols-ports","stem-answer strict match"
"netplus-206","Networking Concepts","1.2","editorial-reviewed","retained after no conflicting strict match"
"netplus-207","Networking Concepts","1.7","editorial-reviewed","retained after no conflicting strict match"
"netplus-208","Network Implementation","2.3","wireless-implementation","stem-answer strict match"
"netplus-209","Network Implementation","2.4","physical-installation","stem-answer strict match"
"netplus-210","Network Implementation","2.4","editorial-reviewed","retained after no conflicting strict match"
"netplus-211","Network Implementation","2.4","editorial-reviewed","retained after no conflicting strict match"
"netplus-212","Network Implementation","2.2","editorial-reviewed","retained after no conflicting strict match"
"netplus-213","Network Operations","3.2","editorial-reviewed","retained after no conflicting strict match"
"netplus-214","Network Operations","3.2","editorial-reviewed","retained after no conflicting strict match"
"netplus-215","Network Operations","3.2","monitoring","stem-answer strict match"
"netplus-216","Network Operations","3.2","monitoring","stem-answer strict match"
"netplus-217","Network Security","4.2","editorial-reviewed","retained after no conflicting strict match"
"netplus-218","Network Security","4.3","defensive-features","stem-answer strict match"
"netplus-219","Network Security","4.3","defensive-features","stem-answer strict match"
"netplus-220","Network Security","4.1","security-foundations","stem-answer strict match"
"netplus-221","Network Troubleshooting","5.4","performance","stem-answer strict match"
"netplus-222","Network Troubleshooting","5.2","cabling-interfaces","stem-answer strict match"
"netplus-223","Network Troubleshooting","5.3","service-failures","stem-answer strict match"
"netplus-224","Network Troubleshooting","5.4","performance","stem-answer strict match"
"netplus-225","Networking Concepts","1.8","evolving-networks","stem-answer strict match"
"netplus-226","Networking Concepts","1.4","protocols-ports","stem-answer strict match"
"netplus-227","Network Implementation","2.4","physical-installation","stem-answer strict match"
"netplus-228","Network Implementation","2.1","editorial-reviewed","retained after no conflicting strict match"
"netplus-229","Network Operations","3.5","access-management","stem-answer strict match"
"netplus-230","Network Operations","3.2","monitoring","stem-answer strict match"
"netplus-231","Network Security","4.3","defensive-features","stem-answer strict match"
"netplus-232","Network Security","4.5","physical-security","stem-answer strict match"
"netplus-233","Network Security","4.2","network-attacks","stem-answer strict match"
"netplus-234","Network Troubleshooting","5.5","tools-protocols","stem-answer strict match"
"netplus-235","Network Troubleshooting","5.2","editorial-reviewed","retained after no conflicting strict match"
"netplus-236","Network Troubleshooting","5.3","service-failures","stem-answer strict match"
"netplus-237","Networking Concepts","1.7","ipv4-subnetting","stem-answer strict match"
"netplus-238","Network Implementation","2.4","physical-installation","stem-answer strict match"
"netplus-239","Network Operations","3.2","monitoring","stem-answer strict match"
"netplus-240","Network Security","4.3","defensive-features","stem-answer strict match"
"netplus-241","Networking Concepts","1.5","media-transceivers","stem-answer strict match"
"netplus-242","Network Operations","3.4","editorial-reviewed","retained after no conflicting strict match"
"netplus-243","Network Troubleshooting","5.4","editorial-reviewed","retained after no conflicting strict match"
"netplus-244","Network Implementation","2.1","editorial-reviewed","retained after no conflicting strict match"
"netplus-245","Networking Concepts","1.7","editorial-reviewed","retained after no conflicting strict match"
"netplus-246","Network Implementation","2.1","editorial-reviewed","retained after no conflicting strict match"
"netplus-247","Network Security","4.3","defensive-features","stem-answer strict match"
"netplus-248","Network Operations","3.2","monitoring","stem-answer strict match"
"netplus-249","Networking Concepts","1.8","evolving-networks","stem-answer strict match"
"netplus-250","Network Troubleshooting","5.3","editorial-reviewed","retained after no conflicting strict match"
"netplus-251","Networking Concepts","1.7","editorial-reviewed","retained after no conflicting strict match"
"netplus-252","Networking Concepts","1.5","media-transceivers","stem-answer strict match"
"netplus-253","Networking Concepts","1.8","evolving-networks","stem-answer strict match"
"netplus-254","Networking Concepts","1.4","protocols-ports","stem-answer strict match"
"netplus-255","Networking Concepts","1.7","ipv4-subnetting","stem-answer strict match"
"netplus-256","Networking Concepts","1.2","editorial-reviewed","retained after no conflicting strict match"
"netplus-257","Networking Concepts","1.5","media-transceivers","stem-answer strict match"
"netplus-258","Networking Concepts","1.7","ipv4-subnetting","stem-answer strict match"
"netplus-259","Network Implementation","2.2","switching","stem-answer strict match"
"netplus-260","Network Implementation","2.1","routing-qos","stem-answer strict match"
"netplus-261","Network Implementation","2.4","editorial-reviewed","retained after no conflicting strict match"
"netplus-262","Network Implementation","2.1","editorial-reviewed","retained after no conflicting strict match"
"netplus-263","Network Operations","3.5","editorial-reviewed","retained after no conflicting strict match"
"netplus-264","Network Operations","3.2","editorial-reviewed","retained after no conflicting strict match"
"netplus-265","Network Operations","3.2","monitoring","stem-answer strict match"
"netplus-266","Network Operations","3.3","editorial-reviewed","retained after no conflicting strict match"
"netplus-267","Network Security","4.3","defensive-features","stem-answer strict match"
"netplus-268","Network Security","4.5","editorial-reviewed","retained after no conflicting strict match"
"netplus-269","Network Security","4.3","defensive-features","stem-answer strict match"
"netplus-270","Network Security","4.2","network-attacks","stem-answer strict match"
"netplus-271","Network Troubleshooting","5.3","editorial-reviewed","retained after no conflicting strict match"
"netplus-272","Network Troubleshooting","5.2","cabling-interfaces","stem-answer strict match"
"netplus-273","Network Troubleshooting","5.3","service-failures","stem-answer strict match"
"netplus-274","Network Troubleshooting","5.5","tools-protocols","stem-answer strict match"
"netplus-275","Network Troubleshooting","5.3","service-failures","stem-answer strict match"
"netplus-276","Networking Concepts","1.7","ipv4-subnetting","stem-answer strict match"
"netplus-277","Network Implementation","2.1","routing-qos","stem-answer strict match"
"netplus-278","Network Operations","3.2","monitoring","stem-answer strict match"
"netplus-279","Network Operations","3.1","process-documentation","stem-answer strict match"
"netplus-280","Network Security","4.3","defensive-features","stem-answer strict match"
"netplus-281","Network Security","4.4","remote-access-security","stem-answer strict match"
"netplus-282","Network Troubleshooting","5.3","service-failures","stem-answer strict match"
"netplus-283","Network Troubleshooting","5.2","editorial-reviewed","retained after no conflicting strict match"
"netplus-284","Networking Concepts","1.1","editorial-reviewed","retained after no conflicting strict match"
"netplus-285","Networking Concepts","1.7","ipv4-subnetting","stem-answer strict match"
"netplus-286","Network Security","4.1","security-foundations","stem-answer strict match"
"netplus-287","Network Security","4.2","network-attacks","stem-answer strict match"
"netplus-288","Network Troubleshooting","5.2","cabling-interfaces","stem-answer strict match"
"netplus-289","Network Implementation","2.2","editorial-reviewed","retained after no conflicting strict match"
"netplus-290","Network Operations","3.2","monitoring","stem-answer strict match"
"netplus-291","Network Security","4.3","defensive-features","stem-answer strict match"
"netplus-292","Network Operations","3.1","editorial-reviewed","retained after no conflicting strict match"
"netplus-293","Networking Concepts","1.4","protocols-ports","stem-answer strict match"
"netplus-294","Networking Concepts","1.7","editorial-reviewed","retained after no conflicting strict match"
"netplus-295","Network Troubleshooting","5.2","cabling-interfaces","stem-answer strict match"
"netplus-296","Networking Concepts","1.7","editorial-reviewed","retained after no conflicting strict match"
"netplus-297","Network Security","4.3","defensive-features","stem-answer strict match"
"netplus-298","Networking Concepts","1.7","editorial-reviewed","retained after no conflicting strict match"
"netplus-299","Network Security","4.3","defensive-features","stem-answer strict match"
"netplus-300","Network Operations","3.1","process-documentation","stem-answer strict match"
"netplus-301","Networking Concepts","1.8","evolving-networks","stem-answer strict match"
"netplus-302","Networking Concepts","1.4","protocols-ports","stem-answer strict match"
"netplus-303","Networking Concepts","1.3","cloud-connectivity","stem-answer strict match"
"netplus-304","Networking Concepts","1.4","protocols-ports","stem-answer strict match"
"netplus-305","Networking Concepts","1.4","protocols-ports","stem-answer strict match"
"netplus-306","Networking Concepts","1.4","protocols-ports","stem-answer strict match"
"netplus-307","Networking Concepts","1.7","ipv4-subnetting","stem-answer strict match"
"netplus-308","Networking Concepts","1.4","protocols-ports","stem-answer strict match"
"netplus-309","Networking Concepts","1.4","protocols-ports","stem-answer strict match"
"netplus-310","Networking Concepts","1.4","protocols-ports","stem-answer strict match"
"netplus-311","Networking Concepts","1.7","editorial-reviewed","retained after no conflicting strict match"
"netplus-312","Networking Concepts","1.2","editorial-reviewed","retained after no conflicting strict match"
"netplus-313","Network Implementation","2.4","editorial-reviewed","retained after no conflicting strict match"
"netplus-314","Network Implementation","2.4","editorial-reviewed","retained after no conflicting strict match"
"netplus-315","Network Implementation","2.4","editorial-reviewed","retained after no conflicting strict match"
"netplus-316","Network Implementation","2.1","editorial-reviewed","retained after no conflicting strict match"
"netplus-317","Network Implementation","2.2","editorial-reviewed","retained after no conflicting strict match"
"netplus-318","Network Implementation","2.2","editorial-reviewed","retained after no conflicting strict match"
"netplus-319","Network Implementation","2.4","physical-installation","stem-answer strict match"
"netplus-320","Network Implementation","2.1","editorial-reviewed","retained after no conflicting strict match"
"netplus-321","Network Implementation","2.4","physical-installation","stem-answer strict match"
"netplus-322","Network Implementation","2.2","editorial-reviewed","retained after no conflicting strict match"
"netplus-323","Network Operations","3.2","monitoring","stem-answer strict match"
"netplus-324","Network Operations","3.2","monitoring","stem-answer strict match"
"netplus-325","Network Operations","3.2","monitoring","stem-answer strict match"
"netplus-326","Network Operations","3.3","availability-recovery","stem-answer strict match"
"netplus-327","Network Operations","3.3","availability-recovery","stem-answer strict match"
"netplus-328","Network Operations","3.2","editorial-reviewed","retained after no conflicting strict match"
"netplus-329","Network Operations","3.1","process-documentation","stem-answer strict match"
"netplus-330","Network Operations","3.3","editorial-reviewed","retained after no conflicting strict match"
"netplus-331","Network Operations","3.2","monitoring","stem-answer strict match"
"netplus-332","Network Security","4.3","defensive-features","stem-answer strict match"
"netplus-333","Network Security","4.4","remote-access-security","stem-answer strict match"
"netplus-334","Network Security","4.1","security-foundations","stem-answer strict match"
"netplus-335","Network Security","4.2","network-attacks","stem-answer strict match"
"netplus-336","Network Security","4.3","defensive-features","stem-answer strict match"
"netplus-337","Network Security","4.1","security-foundations","stem-answer strict match"
"netplus-338","Network Troubleshooting","5.2","cabling-interfaces","stem-answer strict match"
"netplus-339","Network Troubleshooting","5.5","tools-protocols","stem-answer strict match"
"netplus-340","Network Troubleshooting","5.5","tools-protocols","stem-answer strict match"
"netplus-341","Networking Concepts","1.4","protocols-ports","stem-answer strict match"
"netplus-342","Network Implementation","2.3","editorial-reviewed","retained after no conflicting strict match"
"netplus-343","Network Security","4.4","remote-access-security","stem-answer strict match"
"netplus-344","Networking Concepts","1.4","protocols-ports","stem-answer strict match"
"netplus-345","Network Troubleshooting","5.2","cabling-interfaces","stem-answer strict match"
"netplus-346","Network Operations","3.1","process-documentation","stem-answer strict match"
"netplus-347","Network Troubleshooting","5.3","editorial-reviewed","retained after no conflicting strict match"
"netplus-348","Networking Concepts","1.4","protocols-ports","stem-answer strict match"
"netplus-349","Network Implementation","2.4","editorial-reviewed","retained after no conflicting strict match"
"netplus-350","Network Security","4.3","defensive-features","stem-answer strict match"
"netplus-351","Networking Concepts","1.7","ipv4-subnetting","stem-answer strict match"
"netplus-352","Networking Concepts","1.7","editorial-reviewed","retained after no conflicting strict match"
"netplus-353","Networking Concepts","1.7","editorial-reviewed","retained after no conflicting strict match"
"netplus-354","Networking Concepts","1.7","ipv4-subnetting","stem-answer strict match"
"netplus-355","Networking Concepts","1.7","editorial-reviewed","retained after no conflicting strict match"
"netplus-356","Networking Concepts","1.7","ipv4-subnetting","stem-answer strict match"
"netplus-357","Networking Concepts","1.8","evolving-networks","stem-answer strict match"
"netplus-358","Networking Concepts","1.1","osi-model","stem-answer strict match"
"netplus-359","Networking Concepts","1.1","osi-model","stem-answer strict match"
"netplus-360","Networking Concepts","1.6","editorial-reviewed","retained after no conflicting strict match"
"netplus-361","Networking Concepts","1.2","network-functions","stem-answer strict match"
"netplus-362","Networking Concepts","1.6","editorial-reviewed","retained after no conflicting strict match"
"netplus-363","Network Implementation","2.3","editorial-reviewed","retained after no conflicting strict match"
"netplus-364","Network Implementation","2.3","wireless-implementation","stem-answer strict match"
"netplus-365","Network Implementation","2.3","wireless-implementation","stem-answer strict match"
"netplus-366","Network Implementation","2.3","wireless-implementation","stem-answer strict match"
"netplus-367","Network Implementation","2.3","wireless-implementation","stem-answer strict match"
"netplus-368","Network Implementation","2.3","wireless-implementation","stem-answer strict match"
"netplus-369","Network Implementation","2.3","wireless-implementation","stem-answer strict match"
"netplus-370","Network Implementation","2.4","editorial-reviewed","retained after no conflicting strict match"
"netplus-371","Network Implementation","2.4","physical-installation","stem-answer strict match"
"netplus-372","Network Implementation","2.1","editorial-reviewed","retained after no conflicting strict match"
"netplus-373","Network Operations","3.3","availability-recovery","stem-answer strict match"
"netplus-374","Network Operations","3.3","availability-recovery","stem-answer strict match"
"netplus-375","Network Operations","3.3","availability-recovery","stem-answer strict match"
"netplus-376","Network Operations","3.1","process-documentation","stem-answer strict match"
"netplus-377","Network Operations","3.2","editorial-reviewed","retained after no conflicting strict match"
"netplus-378","Network Operations","3.2","monitoring","stem-answer strict match"
"netplus-379","Network Operations","3.3","availability-recovery","stem-answer strict match"
"netplus-380","Network Operations","3.3","availability-recovery","stem-answer strict match"
"netplus-381","Network Security","4.4","remote-access-security","stem-answer strict match"
"netplus-382","Network Security","4.4","remote-access-security","stem-answer strict match"
"netplus-383","Network Security","4.4","remote-access-security","stem-answer strict match"
"netplus-384","Network Security","4.4","remote-access-security","stem-answer strict match"
"netplus-385","Network Security","4.2","editorial-reviewed","retained after no conflicting strict match"
"netplus-386","Network Security","4.2","network-attacks","stem-answer strict match"
"netplus-387","Network Security","4.1","security-foundations","stem-answer strict match"
"netplus-388","Network Troubleshooting","5.4","performance","stem-answer strict match"
"netplus-389","Network Troubleshooting","5.4","performance","stem-answer strict match"
"netplus-390","Network Troubleshooting","5.2","cabling-interfaces","stem-answer strict match"
"netplus-391","Network Implementation","2.3","wireless-implementation","stem-answer strict match"
"netplus-392","Network Security","4.4","remote-access-security","stem-answer strict match"
"netplus-393","Network Troubleshooting","5.4","performance","stem-answer strict match"
"netplus-394","Networking Concepts","1.3","cloud-connectivity","stem-answer strict match"
"netplus-395","Network Security","4.4","remote-access-security","stem-answer strict match"
"netplus-396","Network Operations","3.1","process-documentation","stem-answer strict match"
"netplus-397","Network Troubleshooting","5.4","editorial-reviewed","retained after no conflicting strict match"
"netplus-398","Network Operations","3.3","availability-recovery","stem-answer strict match"
"netplus-399","Network Security","4.4","remote-access-security","stem-answer strict match"
"netplus-400","Networking Concepts","1.8","evolving-networks","stem-answer strict match"
"netplus-401","Networking Concepts","1.4","protocols-ports","stem-answer strict match"
"netplus-402","Networking Concepts","1.4","protocols-ports","stem-answer strict match"
"netplus-403","Networking Concepts","1.4","protocols-ports","stem-answer strict match"
"netplus-404","Networking Concepts","1.4","protocols-ports","stem-answer strict match"
"netplus-405","Networking Concepts","1.4","editorial-reviewed","retained after no conflicting strict match"
"netplus-406","Networking Concepts","1.4","editorial-reviewed","retained after no conflicting strict match"
"netplus-407","Networking Concepts","1.4","editorial-reviewed","retained after no conflicting strict match"
"netplus-408","Networking Concepts","1.5","media-transceivers","stem-answer strict match"
"netplus-409","Networking Concepts","1.6","topologies-types","stem-answer strict match"
"netplus-410","Networking Concepts","1.4","editorial-reviewed","retained after no conflicting strict match"
"netplus-411","Networking Concepts","1.4","editorial-reviewed","retained after no conflicting strict match"
"netplus-412","Networking Concepts","1.1","osi-model","stem-answer strict match"
"netplus-413","Network Implementation","2.2","switching","stem-answer strict match"
"netplus-414","Network Implementation","2.2","switching","stem-answer strict match"
"netplus-415","Network Implementation","2.2","switching","stem-answer strict match"
"netplus-416","Network Implementation","2.2","switching","stem-answer strict match"
"netplus-417","Network Implementation","2.2","switching","stem-answer strict match"
"netplus-418","Network Implementation","2.3","editorial-reviewed","retained after no conflicting strict match"
"netplus-419","Network Implementation","2.2","switching","stem-answer strict match"
"netplus-420","Network Implementation","2.2","switching","stem-answer strict match"
"netplus-421","Network Implementation","2.2","editorial-reviewed","retained after no conflicting strict match"
"netplus-422","Network Implementation","2.2","switching","stem-answer strict match"
"netplus-423","Network Operations","3.4","network-services","stem-answer strict match"
"netplus-424","Network Operations","3.4","network-services","stem-answer strict match"
"netplus-425","Network Operations","3.2","monitoring","stem-answer strict match"
"netplus-426","Network Operations","3.2","monitoring","stem-answer strict match"
"netplus-427","Network Operations","3.2","monitoring","stem-answer strict match"
"netplus-428","Network Operations","3.2","monitoring","stem-answer strict match"
"netplus-429","Network Operations","3.2","editorial-reviewed","retained after no conflicting strict match"
"netplus-430","Network Operations","3.1","process-documentation","stem-answer strict match"
"netplus-431","Network Security","4.2","editorial-reviewed","retained after no conflicting strict match"
"netplus-432","Network Security","4.3","defensive-features","stem-answer strict match"
"netplus-433","Network Security","4.3","defensive-features","stem-answer strict match"
"netplus-434","Network Security","4.5","editorial-reviewed","retained after no conflicting strict match"
"netplus-435","Network Security","4.2","network-attacks","stem-answer strict match"
"netplus-436","Network Security","4.2","editorial-reviewed","retained after no conflicting strict match"
"netplus-437","Network Security","4.3","editorial-reviewed","retained after no conflicting strict match"
"netplus-438","Network Troubleshooting","5.5","tools-protocols","stem-answer strict match"
"netplus-439","Network Troubleshooting","5.5","tools-protocols","stem-answer strict match"
"netplus-440","Network Troubleshooting","5.5","tools-protocols","stem-answer strict match"
"netplus-441","Networking Concepts","1.2","editorial-reviewed","retained after no conflicting strict match"
"netplus-442","Network Implementation","2.2","switching","stem-answer strict match"
"netplus-443","Network Troubleshooting","5.3","editorial-reviewed","retained after no conflicting strict match"
"netplus-444","Network Implementation","2.2","switching","stem-answer strict match"
"netplus-445","Network Operations","3.2","editorial-reviewed","retained after no conflicting strict match"
"netplus-446","Network Troubleshooting","5.1","methodology","stem-answer strict match"
"netplus-447","Network Security","4.3","editorial-reviewed","retained after no conflicting strict match"
"netplus-448","Networking Concepts","1.4","editorial-reviewed","retained after no conflicting strict match"
"netplus-449","Network Implementation","2.2","switching","stem-answer strict match"
"netplus-450","Network Security","4.3","editorial-reviewed","retained after no conflicting strict match"
"netplus-451","Networking Concepts","1.4","protocols-ports","stem-answer strict match"
"netplus-452","Networking Concepts","1.7","ipv4-subnetting","stem-answer strict match"
"netplus-453","Networking Concepts","1.4","protocols-ports","stem-answer strict match"
"netplus-454","Networking Concepts","1.4","protocols-ports","stem-answer strict match"
"netplus-455","Networking Concepts","1.7","ipv4-subnetting","stem-answer strict match"
"netplus-456","Networking Concepts","1.4","protocols-ports","stem-answer strict match"
"netplus-457","Networking Concepts","1.8","evolving-networks","stem-answer strict match"
"netplus-458","Networking Concepts","1.8","evolving-networks","stem-answer strict match"
"netplus-459","Networking Concepts","1.4","protocols-ports","stem-answer strict match"
"netplus-460","Networking Concepts","1.4","protocols-ports","stem-answer strict match"
"netplus-461","Networking Concepts","1.5","media-transceivers","stem-answer strict match"
"netplus-462","Networking Concepts","1.6","topologies-types","stem-answer strict match"
"netplus-463","Network Implementation","2.4","editorial-reviewed","retained after no conflicting strict match"
"netplus-464","Network Implementation","2.4","editorial-reviewed","retained after no conflicting strict match"
"netplus-465","Network Implementation","2.2","editorial-reviewed","retained after no conflicting strict match"
"netplus-466","Network Implementation","2.4","physical-installation","stem-answer strict match"
"netplus-467","Network Implementation","2.4","editorial-reviewed","retained after no conflicting strict match"
"netplus-468","Network Implementation","2.2","switching","stem-answer strict match"
"netplus-469","Network Implementation","2.2","editorial-reviewed","retained after no conflicting strict match"
"netplus-470","Network Implementation","2.3","wireless-implementation","stem-answer strict match"
"netplus-471","Network Implementation","2.3","wireless-implementation","stem-answer strict match"
"netplus-472","Network Implementation","2.3","editorial-reviewed","retained after no conflicting strict match"
"netplus-473","Network Operations","3.5","access-management","stem-answer strict match"
"netplus-474","Network Operations","3.5","access-management","stem-answer strict match"
"netplus-475","Network Operations","3.5","access-management","stem-answer strict match"
"netplus-476","Network Operations","3.2","editorial-reviewed","retained after no conflicting strict match"
"netplus-477","Network Operations","3.3","editorial-reviewed","retained after no conflicting strict match"
"netplus-478","Network Operations","3.4","editorial-reviewed","retained after no conflicting strict match"
"netplus-479","Network Operations","3.5","access-management","stem-answer strict match"
"netplus-480","Network Operations","3.4","editorial-reviewed","retained after no conflicting strict match"
"netplus-481","Network Security","4.1","security-foundations","stem-answer strict match"
"netplus-482","Network Security","4.1","security-foundations","stem-answer strict match"
"netplus-483","Network Security","4.1","security-foundations","stem-answer strict match"
"netplus-484","Network Security","4.1","security-foundations","stem-answer strict match"
"netplus-485","Network Security","4.1","security-foundations","stem-answer strict match"
"netplus-486","Network Security","4.1","security-foundations","stem-answer strict match"
"netplus-487","Network Security","4.1","security-foundations","stem-answer strict match"
"netplus-488","Network Troubleshooting","5.4","performance","stem-answer strict match"
"netplus-489","Network Troubleshooting","5.3","service-failures","stem-answer strict match"
"netplus-490","Network Troubleshooting","5.5","tools-protocols","stem-answer strict match"
"netplus-491","Networking Concepts","1.4","protocols-ports","stem-answer strict match"
"netplus-492","Network Implementation","2.2","editorial-reviewed","retained after no conflicting strict match"
"netplus-493","Network Security","4.1","security-foundations","stem-answer strict match"
"netplus-494","Networking Concepts","1.4","protocols-ports","stem-answer strict match"
"netplus-495","Network Implementation","2.2","editorial-reviewed","retained after no conflicting strict match"
"netplus-496","Networking Concepts","1.4","protocols-ports","stem-answer strict match"
"netplus-497","Network Troubleshooting","5.3","editorial-reviewed","retained after no conflicting strict match"
"netplus-498","Networking Concepts","1.4","protocols-ports","stem-answer strict match"
"netplus-499","Network Implementation","2.4","editorial-reviewed","retained after no conflicting strict match"
"netplus-500","Network Security","4.5","editorial-reviewed","retained after no conflicting strict match"
"netplus-501","Networking Concepts","1.6","editorial-reviewed","retained after no conflicting strict match"
"netplus-502","Networking Concepts","1.2","network-functions","stem-answer strict match"
"netplus-503","Networking Concepts","1.8","evolving-networks","stem-answer strict match"
"netplus-504","Networking Concepts","1.8","evolving-networks","stem-answer strict match"
"netplus-505","Networking Concepts","1.8","evolving-networks","stem-answer strict match"
"netplus-506","Networking Concepts","1.8","evolving-networks","stem-answer strict match"
"netplus-507","Networking Concepts","1.3","cloud-connectivity","stem-answer strict match"
"netplus-508","Networking Concepts","1.1","osi-model","stem-answer strict match"
"netplus-509","Networking Concepts","1.6","topologies-types","stem-answer strict match"
"netplus-510","Networking Concepts","1.8","evolving-networks","stem-answer strict match"
"netplus-511","Network Troubleshooting","5.3","service-failures","stem-answer strict match"
"netplus-512","Network Troubleshooting","5.3","service-failures","stem-answer strict match"
"netplus-513","Network Implementation","2.2","editorial-reviewed","retained after no conflicting strict match"
"netplus-514","Network Implementation","2.3","wireless-implementation","stem-answer strict match"
"netplus-515","Network Implementation","2.3","wireless-implementation","stem-answer strict match"
"netplus-516","Network Implementation","2.3","wireless-implementation","stem-answer strict match"
"netplus-517","Network Implementation","2.3","wireless-implementation","stem-answer strict match"
"netplus-518","Network Implementation","2.3","wireless-implementation","stem-answer strict match"
"netplus-519","Network Implementation","2.3","wireless-implementation","stem-answer strict match"
"netplus-520","Network Implementation","2.1","routing-qos","stem-answer strict match"
"netplus-521","Network Implementation","2.1","routing-qos","stem-answer strict match"
"netplus-522","Network Implementation","2.4","editorial-reviewed","retained after no conflicting strict match"
"netplus-523","Network Operations","3.3","availability-recovery","stem-answer strict match"
"netplus-524","Network Operations","3.2","editorial-reviewed","retained after no conflicting strict match"
"netplus-525","Network Operations","3.1","editorial-reviewed","retained after no conflicting strict match"
"netplus-526","Network Operations","3.3","editorial-reviewed","retained after no conflicting strict match"
"netplus-527","Network Operations","3.2","editorial-reviewed","retained after no conflicting strict match"
"netplus-528","Network Operations","3.2","monitoring","stem-answer strict match"
"netplus-529","Network Operations","3.5","access-management","stem-answer strict match"
"netplus-530","Network Operations","3.3","editorial-reviewed","retained after no conflicting strict match"
"netplus-531","Network Security","4.3","defensive-features","stem-answer strict match"
"netplus-532","Network Security","4.3","defensive-features","stem-answer strict match"
"netplus-533","Network Security","4.3","defensive-features","stem-answer strict match"
"netplus-534","Network Security","4.3","defensive-features","stem-answer strict match"
"netplus-535","Network Troubleshooting","5.3","service-failures","stem-answer strict match"
"netplus-536","Network Troubleshooting","5.3","service-failures","stem-answer strict match"
"netplus-537","Network Troubleshooting","5.3","service-failures","stem-answer strict match"
"netplus-538","Network Troubleshooting","5.3","service-failures","stem-answer strict match"
"netplus-539","Network Troubleshooting","5.2","cabling-interfaces","stem-answer strict match"
"netplus-540","Network Troubleshooting","5.5","tools-protocols","stem-answer strict match"
"netplus-541","Networking Concepts","1.6","editorial-reviewed","retained after no conflicting strict match"
"netplus-542","Network Implementation","2.3","wireless-implementation","stem-answer strict match"
"netplus-543","Network Security","4.5","editorial-reviewed","retained after no conflicting strict match"
"netplus-544","Networking Concepts","1.8","evolving-networks","stem-answer strict match"
"netplus-545","Network Security","4.3","defensive-features","stem-answer strict match"
"netplus-546","Network Implementation","2.2","switching","stem-answer strict match"
"netplus-547","Network Troubleshooting","5.3","editorial-reviewed","retained after no conflicting strict match"
"netplus-548","Network Implementation","2.3","wireless-implementation","stem-answer strict match"
"netplus-549","Network Security","4.3","defensive-features","stem-answer strict match"
"netplus-550","Networking Concepts","1.8","evolving-networks","stem-answer strict match"
"netplus-551","Network Troubleshooting","5.4","performance","stem-answer strict match"
"netplus-552","Network Troubleshooting","5.4","performance","stem-answer strict match"
"netplus-553","Network Troubleshooting","5.2","cabling-interfaces","stem-answer strict match"
"netplus-554","Network Troubleshooting","5.3","service-failures","stem-answer strict match"
"netplus-555","Network Troubleshooting","5.3","service-failures","stem-answer strict match"
"netplus-556","Network Troubleshooting","5.5","tools-protocols","stem-answer strict match"
"netplus-557","Network Troubleshooting","5.3","service-failures","stem-answer strict match"
"netplus-558","Network Troubleshooting","5.4","performance","stem-answer strict match"
"netplus-559","Network Troubleshooting","5.3","service-failures","stem-answer strict match"
"netplus-560","Network Troubleshooting","5.3","service-failures","stem-answer strict match"
"netplus-561","Network Troubleshooting","5.2","editorial-reviewed","retained after no conflicting strict match"
"netplus-562","Network Troubleshooting","5.2","cabling-interfaces","stem-answer strict match"
"netplus-563","Network Implementation","2.4","editorial-reviewed","retained after no conflicting strict match"
"netplus-564","Network Implementation","2.1","editorial-reviewed","retained after no conflicting strict match"
"netplus-565","Network Implementation","2.2","editorial-reviewed","retained after no conflicting strict match"
"netplus-566","Network Implementation","2.3","editorial-reviewed","retained after no conflicting strict match"
"netplus-567","Network Implementation","2.4","editorial-reviewed","retained after no conflicting strict match"
"netplus-568","Network Implementation","2.4","physical-installation","stem-answer strict match"
"netplus-569","Network Implementation","2.4","physical-installation","stem-answer strict match"
"netplus-570","Network Implementation","2.4","physical-installation","stem-answer strict match"
"netplus-571","Network Implementation","2.4","editorial-reviewed","retained after no conflicting strict match"
"netplus-572","Network Implementation","2.4","editorial-reviewed","retained after no conflicting strict match"
"netplus-573","Network Operations","3.1","process-documentation","stem-answer strict match"
"netplus-574","Network Operations","3.1","process-documentation","stem-answer strict match"
"netplus-575","Network Operations","3.1","process-documentation","stem-answer strict match"
"netplus-576","Network Operations","3.1","process-documentation","stem-answer strict match"
"netplus-577","Network Operations","3.1","process-documentation","stem-answer strict match"
"netplus-578","Network Operations","3.3","editorial-reviewed","retained after no conflicting strict match"
"netplus-579","Network Operations","3.2","editorial-reviewed","retained after no conflicting strict match"
"netplus-580","Network Operations","3.1","editorial-reviewed","retained after no conflicting strict match"
"netplus-581","Network Troubleshooting","5.2","cabling-interfaces","stem-answer strict match"
"netplus-582","Network Troubleshooting","5.3","service-failures","stem-answer strict match"
"netplus-583","Network Troubleshooting","5.4","performance","stem-answer strict match"
"netplus-584","Network Troubleshooting","5.3","service-failures","stem-answer strict match"
"netplus-585","Network Troubleshooting","5.3","service-failures","stem-answer strict match"
"netplus-586","Network Troubleshooting","5.3","service-failures","stem-answer strict match"
"netplus-587","Network Troubleshooting","5.3","service-failures","stem-answer strict match"
"netplus-588","Network Troubleshooting","5.4","performance","stem-answer strict match"
"netplus-589","Network Troubleshooting","5.5","tools-protocols","stem-answer strict match"
"netplus-590","Network Troubleshooting","5.5","tools-protocols","stem-answer strict match"
"netplus-591","Network Implementation","2.4","editorial-reviewed","retained after no conflicting strict match"
"netplus-592","Network Security","4.3","editorial-reviewed","retained after no conflicting strict match"
"netplus-593","Network Operations","3.1","process-documentation","stem-answer strict match"
"netplus-594","Networking Concepts","1.4","protocols-ports","stem-answer strict match"
"netplus-595","Network Implementation","2.4","editorial-reviewed","retained after no conflicting strict match"
"netplus-596","Network Security","4.2","editorial-reviewed","retained after no conflicting strict match"
"netplus-597","Network Troubleshooting","5.5","editorial-reviewed","retained after no conflicting strict match"
"netplus-598","Network Operations","3.1","editorial-reviewed","retained after no conflicting strict match"
"netplus-599","Network Implementation","2.3","editorial-reviewed","retained after no conflicting strict match"
"netplus-600","Network Security","4.1","security-foundations","stem-answer strict match"
"netplus-601","Network Troubleshooting","5.3","service-failures","stem-answer strict match"
"netplus-602","Network Troubleshooting","5.3","service-failures","stem-answer strict match"
"netplus-603","Network Troubleshooting","5.3","service-failures","stem-answer strict match"
"netplus-604","Network Troubleshooting","5.3","editorial-reviewed","retained after no conflicting strict match"
"netplus-605","Network Troubleshooting","5.3","service-failures","stem-answer strict match"
"netplus-606","Network Troubleshooting","5.3","service-failures","stem-answer strict match"
"netplus-607","Network Troubleshooting","5.4","performance","stem-answer strict match"
"netplus-608","Network Troubleshooting","5.4","performance","stem-answer strict match"
"netplus-609","Network Troubleshooting","5.2","cabling-interfaces","stem-answer strict match"
"netplus-610","Network Troubleshooting","5.3","service-failures","stem-answer strict match"
"netplus-611","Network Troubleshooting","5.3","service-failures","stem-answer strict match"
"netplus-612","Network Troubleshooting","5.5","tools-protocols","stem-answer strict match"
"netplus-613","Network Implementation","2.3","wireless-implementation","stem-answer strict match"
"netplus-614","Network Implementation","2.3","wireless-implementation","stem-answer strict match"
"netplus-615","Network Implementation","2.3","wireless-implementation","stem-answer strict match"
"netplus-616","Network Implementation","2.3","wireless-implementation","stem-answer strict match"
"netplus-617","Network Implementation","2.3","wireless-implementation","stem-answer strict match"
"netplus-618","Network Implementation","2.3","wireless-implementation","stem-answer strict match"
"netplus-619","Network Implementation","2.3","wireless-implementation","stem-answer strict match"
"netplus-620","Network Implementation","2.3","wireless-implementation","stem-answer strict match"
"netplus-621","Network Implementation","2.1","routing-qos","stem-answer strict match"
"netplus-622","Network Implementation","2.1","routing-qos","stem-answer strict match"
"netplus-623","Network Operations","3.1","editorial-reviewed","retained after no conflicting strict match"
"netplus-624","Network Operations","3.1","process-documentation","stem-answer strict match"
"netplus-625","Network Operations","3.1","editorial-reviewed","retained after no conflicting strict match"
"netplus-626","Network Operations","3.2","monitoring","stem-answer strict match"
"netplus-627","Network Operations","3.2","monitoring","stem-answer strict match"
"netplus-628","Network Operations","3.2","editorial-reviewed","retained after no conflicting strict match"
"netplus-629","Network Operations","3.3","editorial-reviewed","retained after no conflicting strict match"
"netplus-630","Network Operations","3.5","access-management","stem-answer strict match"
"netplus-631","Network Troubleshooting","5.4","performance","stem-answer strict match"
"netplus-632","Network Troubleshooting","5.2","cabling-interfaces","stem-answer strict match"
"netplus-633","Network Troubleshooting","5.3","service-failures","stem-answer strict match"
"netplus-634","Network Troubleshooting","5.3","service-failures","stem-answer strict match"
"netplus-635","Network Troubleshooting","5.3","service-failures","stem-answer strict match"
"netplus-636","Network Troubleshooting","5.3","service-failures","stem-answer strict match"
"netplus-637","Network Troubleshooting","5.4","performance","stem-answer strict match"
"netplus-638","Network Troubleshooting","5.3","service-failures","stem-answer strict match"
"netplus-639","Network Troubleshooting","5.2","cabling-interfaces","stem-answer strict match"
"netplus-640","Network Troubleshooting","5.5","tools-protocols","stem-answer strict match"
"netplus-641","Networking Concepts","1.3","cloud-connectivity","stem-answer strict match"
"netplus-642","Network Implementation","2.3","wireless-implementation","stem-answer strict match"
"netplus-643","Network Security","4.5","physical-security","stem-answer strict match"
"netplus-644","Networking Concepts","1.3","cloud-connectivity","stem-answer strict match"
"netplus-645","Network Security","4.5","physical-security","stem-answer strict match"
"netplus-646","Network Operations","3.1","editorial-reviewed","retained after no conflicting strict match"
"netplus-647","Network Troubleshooting","5.4","editorial-reviewed","retained after no conflicting strict match"
"netplus-648","Networking Concepts","1.1","editorial-reviewed","retained after no conflicting strict match"
"netplus-649","Network Implementation","2.3","wireless-implementation","stem-answer strict match"
"netplus-650","Network Security","4.2","network-attacks","stem-answer strict match"
"netplus-651","Network Troubleshooting","5.3","service-failures","stem-answer strict match"
"netplus-652","Network Troubleshooting","5.4","performance","stem-answer strict match"
"netplus-653","Network Troubleshooting","5.3","service-failures","stem-answer strict match"
"netplus-654","Network Troubleshooting","5.4","performance","stem-answer strict match"
"netplus-655","Network Troubleshooting","5.2","editorial-reviewed","retained after no conflicting strict match"
"netplus-656","Network Troubleshooting","5.2","cabling-interfaces","stem-answer strict match"
"netplus-657","Network Troubleshooting","5.3","service-failures","stem-answer strict match"
"netplus-658","Network Troubleshooting","5.3","service-failures","stem-answer strict match"
"netplus-659","Network Implementation","2.4","editorial-reviewed","retained after no conflicting strict match"
"netplus-660","Network Implementation","2.4","editorial-reviewed","retained after no conflicting strict match"
"netplus-661","Network Troubleshooting","5.3","service-failures","stem-answer strict match"
"netplus-662","Network Troubleshooting","5.4","performance","stem-answer strict match"
"netplus-663","Network Troubleshooting","5.2","editorial-reviewed","retained after no conflicting strict match"
"netplus-664","Network Troubleshooting","5.2","cabling-interfaces","stem-answer strict match"
"netplus-665","Network Troubleshooting","5.3","service-failures","stem-answer strict match"
"netplus-666","Network Troubleshooting","5.3","service-failures","stem-answer strict match"
"netplus-667","Network Troubleshooting","5.3","service-failures","stem-answer strict match"
"netplus-668","Network Troubleshooting","5.3","editorial-reviewed","retained after no conflicting strict match"
"netplus-669","Network Operations","3.5","access-management","stem-answer strict match"
"netplus-670","Network Operations","3.2","editorial-reviewed","retained after no conflicting strict match"
"netplus-671","Network Operations","3.3","availability-recovery","stem-answer strict match"
"netplus-672","Network Operations","3.3","editorial-reviewed","retained after no conflicting strict match"
"netplus-673","Network Operations","3.2","editorial-reviewed","retained after no conflicting strict match"
"netplus-674","Network Operations","3.5","access-management","stem-answer strict match"
"netplus-675","Network Operations","3.1","editorial-reviewed","retained after no conflicting strict match"
"netplus-676","Network Operations","3.1","process-documentation","stem-answer strict match"
"netplus-677","Network Troubleshooting","5.3","service-failures","stem-answer strict match"
"netplus-678","Network Troubleshooting","5.2","editorial-reviewed","retained after no conflicting strict match"
"netplus-679","Network Troubleshooting","5.2","cabling-interfaces","stem-answer strict match"
"netplus-680","Network Troubleshooting","5.3","service-failures","stem-answer strict match"
"netplus-681","Network Troubleshooting","5.3","service-failures","stem-answer strict match"
"netplus-682","Network Troubleshooting","5.3","service-failures","stem-answer strict match"
"netplus-683","Network Operations","3.4","network-services","stem-answer strict match"
"netplus-684","Network Operations","3.2","monitoring","stem-answer strict match"
"netplus-685","Network Troubleshooting","5.1","editorial-reviewed","retained after no conflicting strict match"
"netplus-686","Network Troubleshooting","5.5","tools-protocols","stem-answer strict match"
"netplus-687","Network Troubleshooting","5.2","editorial-reviewed","retained after no conflicting strict match"
"netplus-688","Network Troubleshooting","5.2","cabling-interfaces","stem-answer strict match"
"netplus-689","Network Troubleshooting","5.2","cabling-interfaces","stem-answer strict match"
"netplus-690","Network Troubleshooting","5.4","performance","stem-answer strict match"
"netplus-691","Network Implementation","2.4","editorial-reviewed","retained after no conflicting strict match"
"netplus-692","Network Security","4.4","remote-access-security","stem-answer strict match"
"netplus-693","Network Operations","3.2","editorial-reviewed","retained after no conflicting strict match"
"netplus-694","Networking Concepts","1.4","protocols-ports","stem-answer strict match"
"netplus-695","Network Implementation","2.4","editorial-reviewed","retained after no conflicting strict match"
"netplus-696","Network Troubleshooting","5.2","editorial-reviewed","retained after no conflicting strict match"
"netplus-697","Network Security","4.3","editorial-reviewed","retained after no conflicting strict match"
"netplus-698","Network Implementation","2.3","editorial-reviewed","retained after no conflicting strict match"
"netplus-699","Network Security","4.4","remote-access-security","stem-answer strict match"
"netplus-700","Network Operations","3.1","editorial-reviewed","retained after no conflicting strict match"
"netplus-701","Network Troubleshooting","5.3","service-failures","stem-answer strict match"
"netplus-702","Network Troubleshooting","5.3","editorial-reviewed","retained after no conflicting strict match"
"netplus-703","Network Troubleshooting","5.3","service-failures","stem-answer strict match"
"netplus-704","Network Troubleshooting","5.3","service-failures","stem-answer strict match"
"netplus-705","Network Troubleshooting","5.4","performance","stem-answer strict match"
"netplus-706","Network Troubleshooting","5.4","performance","stem-answer strict match"
"netplus-707","Network Troubleshooting","5.2","cabling-interfaces","stem-answer strict match"
"netplus-708","Network Troubleshooting","5.3","service-failures","stem-answer strict match"
"netplus-709","Network Troubleshooting","5.3","service-failures","stem-answer strict match"
"netplus-710","Network Troubleshooting","5.3","service-failures","stem-answer strict match"
"netplus-711","Network Troubleshooting","5.3","service-failures","stem-answer strict match"
"netplus-712","Network Troubleshooting","5.4","performance","stem-answer strict match"
"netplus-713","Network Troubleshooting","5.3","service-failures","stem-answer strict match"
"netplus-714","Network Troubleshooting","5.3","service-failures","stem-answer strict match"
"netplus-715","Network Troubleshooting","5.4","performance","stem-answer strict match"
"netplus-716","Network Troubleshooting","5.4","performance","stem-answer strict match"
"netplus-717","Network Troubleshooting","5.2","cabling-interfaces","stem-answer strict match"
"netplus-718","Network Troubleshooting","5.3","service-failures","stem-answer strict match"
"netplus-719","Network Troubleshooting","5.3","service-failures","stem-answer strict match"
"netplus-720","Network Troubleshooting","5.3","editorial-reviewed","retained after no conflicting strict match"
"netplus-721","Network Troubleshooting","5.3","service-failures","stem-answer strict match"
"netplus-722","Network Troubleshooting","5.4","performance","stem-answer strict match"
"netplus-723","Network Operations","3.1","process-documentation","stem-answer strict match"
"netplus-724","Network Operations","3.2","monitoring","stem-answer strict match"
"netplus-725","Network Operations","3.3","availability-recovery","stem-answer strict match"
"netplus-726","Network Operations","3.2","editorial-reviewed","retained after no conflicting strict match"
"netplus-727","Network Operations","3.3","availability-recovery","stem-answer strict match"
"netplus-728","Network Operations","3.3","editorial-reviewed","retained after no conflicting strict match"
"netplus-729","Network Operations","3.1","editorial-reviewed","retained after no conflicting strict match"
"netplus-730","Network Operations","3.1","process-documentation","stem-answer strict match"
"netplus-731","Network Operations","3.2","editorial-reviewed","retained after no conflicting strict match"
"netplus-732","Network Operations","3.2","monitoring","stem-answer strict match"
"netplus-733","Network Operations","3.3","availability-recovery","stem-answer strict match"
"netplus-734","Network Operations","3.1","process-documentation","stem-answer strict match"
"netplus-735","Network Operations","3.2","monitoring","stem-answer strict match"
"netplus-736","Network Operations","3.1","process-documentation","stem-answer strict match"
"netplus-737","Network Operations","3.1","process-documentation","stem-answer strict match"
"netplus-738","Network Operations","3.1","process-documentation","stem-answer strict match"
"netplus-739","Network Troubleshooting","5.4","performance","stem-answer strict match"
"netplus-740","Network Troubleshooting","5.3","service-failures","stem-answer strict match"
"netplus-741","Network Implementation","2.3","wireless-implementation","stem-answer strict match"
"netplus-742","Network Security","4.1","security-foundations","stem-answer strict match"
"netplus-743","Network Troubleshooting","5.4","editorial-reviewed","retained after no conflicting strict match"
"netplus-744","Network Implementation","2.2","switching","stem-answer strict match"
"netplus-745","Network Security","4.2","editorial-reviewed","retained after no conflicting strict match"
"netplus-746","Network Operations","3.3","availability-recovery","stem-answer strict match"
"netplus-747","Network Troubleshooting","5.3","editorial-reviewed","retained after no conflicting strict match"
"netplus-748","Network Implementation","2.2","switching","stem-answer strict match"
"netplus-749","Networking Concepts","1.4","protocols-ports","stem-answer strict match"
"netplus-750","Network Security","4.3","editorial-reviewed","retained after no conflicting strict match"
"netplus-pbq-001","Network Troubleshooting","5.4","editorial-reviewed","retained after no conflicting strict match"
"netplus-pbq-002","Network Operations","3.2","editorial-reviewed","retained after no conflicting strict match"
"netplus-pbq-003","Network Troubleshooting","5.3","editorial-reviewed","retained after no conflicting strict match"
"netplus-pbq-004","Network Security","4.3","defensive-features","stem-answer strict match"
"netplus-pbq-005","Networking Concepts","1.7","editorial-reviewed","retained after no conflicting strict match"
"netplus-pbq-006","Network Implementation","2.4","editorial-reviewed","retained after no conflicting strict match"
"netplus-pbq-007","Network Operations","3.2","editorial-reviewed","retained after no conflicting strict match"
"netplus-pbq-008","Network Troubleshooting","5.4","editorial-reviewed","retained after no conflicting strict match"
"netplus-pbq-009","Network Security","4.4","editorial-reviewed","retained after no conflicting strict match"
"netplus-pbq-010","Network Implementation","2.1","routing-qos","stem-answer strict match"
